{
  "label": "main",
  "log_file": "/Users/yongkang/Code/tempo/tempo/debug_main.log",
  "block_range": [
    21384,
    21392
  ],
  "metrics": {
    "Build Payload Time": {
      "count": 9,
      "mean": 380.33025,
      "median": 368.995667,
      "min": 218.107083,
      "max": 510.013666,
      "std_dev": 96.06324663091054
    },
    "Payload Delivery Lag": {
      "count": 9,
      "mean": 5.7603333333333335,
      "median": 5.063,
      "min": 3.8890000000000002,
      "max": 8.706,
      "std_dev": 1.5593844939590749
    },
    "Explicit State Root Task": {
      "count": 9,
      "mean": 0.008546222222222222,
      "median": 0.0055,
      "min": 0.005,
      "max": 0.03241599999999999,
      "std_dev": 0.008975136332916866
    },
    "Block Added to Canonical Chain": {
      "count": 9,
      "mean": 2238.9918332222223,
      "median": 2090.5855,
      "min": 1290.1447079999998,
      "max": 3550.105334,
      "std_dev": 660.5007020660964
    }
  }
}